kind	id	name	icon
signature	5681543	Frieren Outfit Set Coupon	signature-5681543.png
signature	5681544	Frieren Outfit Set (Ringlets) Coupon	signature-5681544.png
signature	5681545	Frieren Outfit Set (Sleep) Coupon	signature-5681545.png
signature	5681546	Himmel Outfit Set Coupon	signature-5681546.png
signature	5681547	Fern Outfit Set Coupon	signature-5681547.png
signature	5681548	Übel Outfit Set Coupon	signature-5681548.png
signature	5681549	Stark Outfit Set Coupon	signature-5681549.png
signature	5681550	Aura Outfit Set Coupon	signature-5681550.png
signature	5681551	Linie Outfit Set Coupon	signature-5681551.png
signature	5681552	Lügner Outfit Set Coupon	signature-5681552.png
wonderberry	5689005	Concentrated Premium Water of Life	wonderberry-5689005.png
pet	5000000	Brown Kitty	pet-5000000.png
pet	5000001	Brown Puppy	pet-5000001.png
pet	5000002	Pink Bunny	pet-5000002.png
pet	5000003	Mini Kargo	pet-5000003.png
pet	5000004	Black Kitty	pet-5000004.png
pet	5000005	White Bunny	pet-5000005.png
pet	5000006	Husky	pet-5000006.png
pet	5000007	Black Pig	pet-5000007.png
pet	5000008	Panda	pet-5000008.png
pet	5000009	Dino Boy	pet-5000009.png
pet	5000010	Dino Girl	pet-5000010.png
pet	5000011	Monkey	pet-5000011.png
pet	5000012	White Tiger	pet-5000012.png
pet	5000013	Elephant	pet-5000013.png
pet	5000014	Rudolph	pet-5000014.png
pet	5000015	Dasher	pet-5000015.png
pet	5000017	Robot	pet-5000017.png
pet	5000018	Husky	pet-5000018.png
pet	5000020	Mini Yeti	pet-5000020.png
pet	5000021	Monkey	pet-5000021.png
pet	5000022	Turkey	pet-5000022.png
pet	5000023	Penguin	pet-5000023.png
pet	5000024	Jr. Balrog	pet-5000024.png
pet	5000026	Sun Wu Kong	pet-5000026.png
pet	5000040	Jr. Reaper	pet-5000040.png
pet	5000041	Snowman	pet-5000041.png
pet	5000042	Kino	pet-5000042.png
pet	5000043	Hedgehog	pet-5000043.png
pet	5000046	Kino	pet-5000046.png
pet	5000054	Snail	pet-5000054.png
pet	5000064	Golden Pig	pet-5000064.png
pet	5000065	White Duck	pet-5000065.png
pet	5000068	Baby Tiger	pet-5000068.png
pet	5000072	Skunk	pet-5000072.png
pet	5000083	Persian Cat	pet-5000083.png
pet	5000084	Esel	pet-5000084.png
pet	5000087	Black Bunny	pet-5000087.png
pet	5000088	Black Bunny	pet-5000088.png
pet	5000089	Tiel	pet-5000089.png
pet	5000090	Galiel	pet-5000090.png
pet	5000091	Esel	pet-5000091.png
pet	5000092	Tiel	pet-5000092.png
pet	5000093	Galiel	pet-5000093.png
pet	5000152	Miracle Cat	pet-5000152.png
pet	5000171	MagiCookie	pet-5000171.png
pet	5000201	Pink Bean	pet-5000201.png
pet	5000202	Corgi Pup	pet-5000202.png
pet	5000206	Fennec Fox	pet-5000206.png
pet	5000207	Corgi Pup	pet-5000207.png
pet	5000210	Penguin	pet-5000210.png
pet	5000211	Scurvy Bird	pet-5000211.png
pet	5000215	Chunky 	pet-5000215.png
pet	5000216	Brown Burro	pet-5000216.png
pet	5000217	Blackheart	pet-5000217.png
pet	5000221	Harp Seal	pet-5000221.png
pet	5000225	Puffram	pet-5000225.png
pet	5000228	Demon Metus	pet-5000228.png
pet	5000229	Demon Mors	pet-5000229.png
pet	5000230	Invidia	pet-5000230.png
pet	5000231	Demon Metus	pet-5000231.png
pet	5000232	Demon Mors	pet-5000232.png
pet	5000233	Invidia	pet-5000233.png
pet	5000237	Starwing	pet-5000237.png
pet	5000238	Baby Tiger	pet-5000238.png
pet	5000239	Shark	pet-5000239.png
pet	5000240	Chroma Bean	pet-5000240.png
pet	5000243	Pink Dragon	pet-5000243.png
pet	5000244	Ice Dragon	pet-5000244.png
pet	5000245	Red Dragon	pet-5000245.png
pet	5000249	Fluffy Teddy	pet-5000249.png
pet	5000250	Cutie Teddy	pet-5000250.png
pet	5000251	Puffy Teddy	pet-5000251.png
pet	5000256	Pumpkin Jack	pet-5000256.png
pet	5000257	Pumpkin Zack	pet-5000257.png
pet	5000258	Pumpkin Mack	pet-5000258.png
pet	5000261	Royal Thumpy	pet-5000261.png
pet	5000269	Hedgehog	pet-5000269.png
pet	5000270	Fennec Fox	pet-5000270.png
pet	5000271	Frumpy Koala	pet-5000271.png
pet	5000272	Grumpy Koala	pet-5000272.png
pet	5000273	Nerdy Koala	pet-5000273.png
pet	5000275	Chippermunk	pet-5000275.png
pet	5000276	Chipmunch	pet-5000276.png
pet	5000277	Chubmunk	pet-5000277.png
pet	5000281	Vile Metus	pet-5000281.png
pet	5000282	Dire Mors	pet-5000282.png
pet	5000283	Wild Invidia	pet-5000283.png
pet	5000290	Honey Angel	pet-5000290.png
pet	5000291	Lime Angel	pet-5000291.png
pet	5000292	Peach Angel	pet-5000292.png
pet	5000293	Roo-A	pet-5000293.png
pet	5000294	Roo-B	pet-5000294.png
pet	5000295	Roo-C	pet-5000295.png
pet	5000296	Toasty Devil	pet-5000296.png
pet	5000297	Icy Devil	pet-5000297.png
pet	5000298	Miasma Devil	pet-5000298.png
pet	5000299	Gingerhead	pet-5000299.png
pet	5000309	Mini Queen	pet-5000309.png
pet	5000310	Von Bon	pet-5000310.png
pet	5000311	Pierre	pet-5000311.png
pet	5000314	Sun Wu Kong	pet-5000314.png
pet	5000315	Husky	pet-5000315.png
pet	5000316	Sassy Snake	pet-5000316.png
pet	5000317	Ice Knight	pet-5000317.png
pet	5000320	Pinkadillo	pet-5000320.png
pet	5000321	Yellowdillo	pet-5000321.png
pet	5000322	Greenadillo	pet-5000322.png
pet	5000328	Von Soup	pet-5000328.png
pet	5000330	Lil Von Leon	pet-5000330.png
pet	5000331	Lil Orchid	pet-5000331.png
pet	5000332	Lil Hilla	pet-5000332.png
pet	5000341	Punchyroo	pet-5000341.png
pet	5000342	Unripe Nut	pet-5000342.png
pet	5000343	Chestnut	pet-5000343.png
pet	5000344	Burnt Nut	pet-5000344.png
pet	5000352	White Candle	pet-5000352.png
pet	5000353	Blue Candle	pet-5000353.png
pet	5000354	Pink Candle	pet-5000354.png
pet	5000365	Kiwi Puff	pet-5000365.png
pet	5000366	Berry Puff	pet-5000366.png
pet	5000367	Mango Puff	pet-5000367.png
pet	5000368	Happy Bean	pet-5000368.png
pet	5000375	Pink Pengy	pet-5000375.png
pet	5000376	Purple Pengy	pet-5000376.png
pet	5000377	Blue Pengy	pet-5000377.png
pet	5000381	Toto	pet-5000381.png
pet	5000383	Lil Moonbeam	pet-5000383.png
pet	5000385	Abel	pet-5000385.png
pet	5000386	Axel	pet-5000386.png
pet	5000387	Adel	pet-5000387.png
pet	5000402	Ballet Lyn	pet-5000402.png
pet	5000403	Soldier Hong	pet-5000403.png
pet	5000404	Soldier Chun	pet-5000404.png
pet	5000405	Green Chad	pet-5000405.png
pet	5000406	Pink Mel	pet-5000406.png
pet	5000407	Orange Leon	pet-5000407.png
pet	5000408	Lil Sierra	pet-5000408.png
pet	5000409	Lil Ryan	pet-5000409.png
pet	5000414	Lil Bobble	pet-5000414.png
pet	5000415	Lil Lotus	pet-5000415.png
pet	5000416	Ill Orchid	pet-5000416.png
pet	5000417	Gelimer	pet-5000417.png
pet	5000428	Holoyeti	pet-5000428.png
pet	5000429	Pink Seal	pet-5000429.png
pet	5000430	New Seal	pet-5000430.png
pet	5000431	Newer Seal	pet-5000431.png
pet	5000432	Pinker Seal	pet-5000432.png
pet	5000433	War Sheep	pet-5000433.png
pet	5000434	Mage Sheep	pet-5000434.png
pet	5000435	Cleric Sheep	pet-5000435.png
pet	5000437	Orange	pet-5000437.png
pet	5000443	Furry Elwin	pet-5000443.png
pet	5000444	Fluffy Lily	pet-5000444.png
pet	5000445	Baby Nero	pet-5000445.png
pet	5000446	Strawbear	pet-5000446.png
pet	5000447	Bananabear	pet-5000447.png
pet	5000448	Cookiebear	pet-5000448.png
pet	5000452	Chroma Bean	pet-5000452.png
pet	5000459	Black Kitty	pet-5000459.png
pet	5000460	Sailor Seal	pet-5000460.png
pet	5000461	Admiral Seal	pet-5000461.png
pet	5000462	Steward Seal	pet-5000462.png
pet	5000466	Ducky	pet-5000466.png
pet	5000468	Starwing	pet-5000468.png
pet	5000469	Tiny Nero	pet-5000469.png
pet	5000470	Cheesy Cat	pet-5000470.png
pet	5000471	Samson Cat	pet-5000471.png
pet	5000473	Lil Ursus	pet-5000473.png
pet	5000474	Moist Cake	pet-5000474.png
pet	5000475	Nutty Pie	pet-5000475.png
pet	5000476	Sweet Candy	pet-5000476.png
pet	5000479	Lil Zakum	pet-5000479.png
pet	5000480	Ice Dragon	pet-5000480.png
pet	5000482	Galiel	pet-5000482.png
pet	5000484	Lil Evan	pet-5000484.png
pet	5000485	Lil Aran	pet-5000485.png
pet	5000486	Lil Phantom	pet-5000486.png
pet	5000490	Lil Luminous	pet-5000490.png
pet	5000491	Lil Mercedes	pet-5000491.png
pet	5000492	Lil Shade	pet-5000492.png
pet	5000493	Persian Cat	pet-5000493.png
pet	5000494	Lil Damien	pet-5000494.png
pet	5000495	Lil Alicia	pet-5000495.png
pet	5000496	Lil Lilin	pet-5000496.png
pet	5000497	Invidia	pet-5000497.png
pet	5000498	Fennec Fox	pet-5000498.png
pet	5000595	Yellow Chick	pet-5000595.png
pet	5000600	Ursie	pet-5000600.png
pet	5000601	Punch Cat	pet-5000601.png
pet	5000602	Iron Rabbit	pet-5000602.png
pet	5000620	Sheepdog	pet-5000620.png
pet	5000621	Samoyed	pet-5000621.png
pet	5000622	Retriever	pet-5000622.png
pet	5000624	Pink Bearcat	pet-5000624.png
pet	5000633	Fondue Fold	pet-5000633.png
pet	5000634	Sasha Fold	pet-5000634.png
pet	5000635	Coco Fold	pet-5000635.png
pet	5000640	Gold Bearcat	pet-5000640.png
pet	5000641	Ebony Lucid	pet-5000641.png
pet	5000642	Powder Lucid	pet-5000642.png
pet	5000643	Rose Lucid	pet-5000643.png
pet	5000806	Ebony Lucid	pet-5000806.png
pet	5000807	Powder Lucid	pet-5000807.png
pet	5000808	Rose Lucid	pet-5000808.png
pet	5000565	Cloud Candy	pet-5000565.png
pet	5000566	Mossy Candy	pet-5000566.png
pet	5000567	Pinkie Candy	pet-5000567.png
pet	5000696	Fried Shrimp	pet-5000696.png
pet	5000672	Apple Orchid	pet-5000672.png
pet	5000673	Mango Orchid	pet-5000673.png
pet	5000674	Ocean Orchid	pet-5000674.png
pet	5000675	Lil Zakum	pet-5000675.png
pet	5000685	Mini Chicken	pet-5000685.png
pet	5000707	Small Spirit	pet-5000707.png
pet	5000708	Tree Spirit	pet-5000708.png
pet	5000709	Rock Spirit	pet-5000709.png
pet	5000721	Star Orchid	pet-5000721.png
pet	5000722	Star Lotus	pet-5000722.png
pet	5000723	Star Phantom	pet-5000723.png
pet	5000727	Lil Aran	pet-5000727.png
pet	5000736	Snoozy Bunny	pet-5000736.png
pet	5000737	Dreamy Bunny	pet-5000737.png
pet	5000738	Dozy Bunny	pet-5000738.png
pet	5000740	Bitty Popoh	pet-5000740.png
pet	5000749	Mini Miyo	pet-5000749.png
pet	5000751	Cookie	pet-5000751.png
pet	5000752	Croquant	pet-5000752.png
pet	5000753	Meringue	pet-5000753.png
pet	5000754	Lil Evan	pet-5000754.png
pet	5000762	Forest Dori	pet-5000762.png
pet	5000763	Forest Dari	pet-5000763.png
pet	5000764	Forest Finca	pet-5000764.png
pet	5000765	Pinky Thorn	pet-5000765.png
pet	5000766	Bluesy Thorn	pet-5000766.png
pet	5000767	Sunny Thorn	pet-5000767.png
pet	5000768	Microslime	pet-5000768.png
pet	5000769	Microyeti	pet-5000769.png
pet	5000772	Sanho	pet-5000772.png
pet	5000773	Nari	pet-5000773.png
pet	5000774	Bari	pet-5000774.png
pet	5000786	Mini Mar	pet-5000786.png
pet	5000790	Rose Glodeer	pet-5000790.png
pet	5000791	Mint Glodeer	pet-5000791.png
pet	5000792	Iris Glodeer	pet-5000792.png
pet	5000793	Soft-Boiled	pet-5000793.png
pet	5000794	Hard-Boiled	pet-5000794.png
pet	5000795	Roasted	pet-5000795.png
pet	5000796	Mastema	pet-5000796.png
pet	5000797	Baby Kemdi	pet-5000797.png
pet	5000798	Golden Pup	pet-5000798.png
pet	5000906	White Alpaca	pet-5000906.png
pet	5000907	Brown Alpaca	pet-5000907.png
pet	5000908	Weird Alpaca	pet-5000908.png
pet	5000918	Mysteria	pet-5000918.png
pet	5000919	Cirra	pet-5000919.png
pet	5000920	Sparklie	pet-5000920.png
pet	5000921	AutomoBean	pet-5000921.png
pet	5000922	SlimeBuggy	pet-5000922.png
pet	5000923	YetiCab	pet-5000923.png
pet	5000924	Salmon Sushi	pet-5000924.png
pet	5000925	Peppy Slime	pet-5000925.png
pet	5000930	Oberon	pet-5000930.png
pet	5000931	Titania	pet-5000931.png
pet	5000932	Petite Pico	pet-5000932.png
pet	5000933	Waddle	pet-5000933.png
pet	5000934	Toddle	pet-5000934.png
pet	5000935	Puff	pet-5000935.png
pet	5000936	Cube Puppy	pet-5000936.png
pet	5000937	Cube Kitty	pet-5000937.png
pet	5000938	Cube Hamster	pet-5000938.png
pet	5000939	Lil Loafer	pet-5000939.png
pet	5000940	Bunny Bun	pet-5000940.png
pet	5000945	Snail	pet-5000945.png
pet	5000952	Lil Phantom	pet-5000952.png
pet	5000953	Lil Neiny	pet-5000953.png
pet	5000960	Hamlet	pet-5000960.png
pet	5000961	Roly Rosy	pet-5000961.png
pet	5000962	Robbie	pet-5000962.png
pet	5000963	Serena	pet-5000963.png
pet	5000964	Cosmo Rabbit	pet-5000964.png
pet	5000965	Amethyst	pet-5000965.png
pet	5000966	Chicky Bear	pet-5000966.png
pet	5000967	Ducky Pup	pet-5000967.png
pet	5000968	Foxy Pooch	pet-5000968.png
pet	5000969	Beanyaki	pet-5000969.png
pet	5000970	Puffy Cloud	pet-5000970.png
pet	5000973	Albatross	pet-5000973.png
pet	5000974	Tortoise	pet-5000974.png
pet	5000977	Gala Pengy	pet-5000977.png
pet	5000979	Sleepy	pet-5000979.png
pet	5000980	Dozer	pet-5000980.png
pet	5000981	Yawny	pet-5000981.png
pet	5000982	Lil Cygnus	pet-5000982.png
pet	5001000	Demon Lux	pet-5001000.png
pet	5001001	Demon Tempus	pet-5001001.png
pet	5001002	Demon Vita	pet-5001002.png
pet	5001003	Devil Lux	pet-5001003.png
pet	5001004	Devil Tempus	pet-5001004.png
pet	5001005	Devil Vita	pet-5001005.png
pet	5001006	Miho	pet-5001006.png
pet	5001007	Miho	pet-5001007.png
pet	5001008	Miho	pet-5001008.png
pet	5001009	Spirit Miho	pet-5001009.png
pet	5001010	Spirit Miho	pet-5001010.png
pet	5001011	Spirit Miho	pet-5001011.png
pet	5001018	Miho	pet-5001018.png
pet	5001019	Miho	pet-5001019.png
pet	5001020	Miho	pet-5001020.png
pet	5001021	Spirit Miho	pet-5001021.png
pet	5001022	Spirit Miho	pet-5001022.png
pet	5001023	Spirit Miho	pet-5001023.png
pet	5002033	Sprout	pet-5002033.png
pet	5002034	Sparky	pet-5002034.png
pet	5002035	Misty	pet-5002035.png
pet	5002036	PixSnail	pet-5002036.png
pet	5002037	PixSlime	pet-5002037.png
pet	5002038	PixShroom	pet-5002038.png
pet	5002039	Honey B	pet-5002039.png
pet	5002040	Weenie Dawg	pet-5002040.png
pet	5002075	Taotie	pet-5002075.png
pet	5002079	Victory	pet-5002079.png
pet	5002080	Glory	pet-5002080.png
pet	5002081	Lil Pony	pet-5002081.png
pet	5002082	Goldie	pet-5002082.png
pet	5002083	Silvery	pet-5002083.png
pet	5002084	Bronzy	pet-5002084.png
pet	5002085	Cookie Bear	pet-5002085.png
pet	5002086	Omelette Pup	pet-5002086.png
pet	5002113	Lil Wonky	pet-5002113.png
pet	5002121	Snail	pet-5002121.png
pet	5002137	Blanc	pet-5002137.png
pet	5002138	Prim	pet-5002138.png
pet	5002139	Snowy	pet-5002139.png
pet	5002140	Pepper Tuna	pet-5002140.png
pet	5002141	Winterberry	pet-5002141.png
pet	5002142	Lil Boo	pet-5002142.png
pet	5002146	Lil Wave	pet-5002146.png
pet	5002161	Green Drag	pet-5002161.png
pet	5002162	Purp Drag	pet-5002162.png
pet	5002163	Blue Drag	pet-5002163.png
pet	5002164	Panzza	pet-5002164.png
pet	5002165	Octopiii	pet-5002165.png
pet	5002169	So Gong	pet-5002169.png
pet	5002179	Snail	pet-5002179.png
pet	5002186	Cherry Chick	pet-5002186.png
pet	5002187	Blue Chick	pet-5002187.png
pet	5002188	Berry Chick	pet-5002188.png
pet	5002189	Dalsoo	pet-5002189.png
pet	5002190	Balloon Dog	pet-5002190.png
pet	5002197	Dusk	pet-5002197.png
pet	5002198	Dawn	pet-5002198.png
pet	5002199	Lil Glowy	pet-5002199.png
pet	5002200	Galaxie	pet-5002200.png
pet	5002201	Novie	pet-5002201.png
pet	5002202	Lunarie	pet-5002202.png
pet	5002203	Tubby Tiger	pet-5002203.png
pet	5002204	Odette Peeps	pet-5002204.png
pet	5002226	Snow Meow	pet-5002226.png
pet	5002227	Bunny Meow	pet-5002227.png
pet	5002228	Panda Meow	pet-5002228.png
pet	5002229	Bean Pastry	pet-5002229.png
pet	5002230	Cream Pastry	pet-5002230.png
pet	5002231	Burnt Pastry	pet-5002231.png
pet	5002238	Mini Yeti	pet-5002238.png
pet	5002239	Sherbet	pet-5002239.png
pet	5002243	Lil Wolfruit	pet-5002243.png
pet	5002244	Lil Muto	pet-5002244.png
pet	5002245	Lil Ramanana	pet-5002245.png
pet	5002246	Sugar	pet-5002246.png
pet	5002247	Chococo	pet-5002247.png
pet	5002254	Dusk	pet-5002254.png
pet	5002255	Dawn	pet-5002255.png
pet	5002256	Lil Glowy	pet-5002256.png
pet	5002263	Mountain Kid	pet-5002263.png
pet	5002264	Red Snail	pet-5002264.png
pet	5002265	Blue Snail	pet-5002265.png
pet	5002266	Purple Snail	pet-5002266.png
pet	5002273	Peach Bubble	pet-5002273.png
pet	5002274	Leaf Bubble	pet-5002274.png
pet	5002275	Mint Bubble	pet-5002275.png
pet	5002276	Melting Bear	pet-5002276.png
pet	5002277	Duck Floaty	pet-5002277.png
pet	5002296	Nodestony	pet-5002296.png
pet	5002297	EXPstony	pet-5002297.png
pet	5002298	Mirrorstony	pet-5002298.png
pet	5002299	Mini Sugar	pet-5002299.png
pet	5002306	Crunchy	pet-5002306.png
pet	5002307	Goldeny	pet-5002307.png
pet	5002308	Burnty	pet-5002308.png
pet	5002309	Aruru	pet-5002309.png
pet	5002310	Dodo	pet-5002310.png
pet	5002311	Bawu	pet-5002311.png
pet	5002312	MW Goddess	pet-5002312.png
pet	5002313	G Goddess	pet-5002313.png
pet	5002314	A Goddess	pet-5002314.png
pet	5002315	Aco	pet-5002315.png
pet	5002316	Cor	pet-5002316.png
pet	5002317	Orn	pet-5002317.png
pet	5002318	Baal	pet-5002318.png
pet	5002319	Luci	pet-5002319.png
pet	5002320	Levi	pet-5002320.png
pet	5002324	Strawberry	pet-5002324.png
pet	5002325	Choco	pet-5002325.png
pet	5002326	Nilla	pet-5002326.png
pet	5002327	Spooky Bear	pet-5002327.png
pet	5002328	Spooky Bunny	pet-5002328.png
pet	5002329	Spooky Cat	pet-5002329.png
pet	5002330	Nunu	pet-5002330.png
pet	5002331	Gugu	pet-5002331.png
pet	5002332	Bibi	pet-5002332.png
pet	5002336	Red Snail	pet-5002336.png
pet	5002337	Mingo Mage	pet-5002337.png
pet	5002338	Duck Mage	pet-5002338.png
pet	5002339	Beachy Mage	pet-5002339.png
pet	5002340	Pancakeray	pet-5002340.png
pet	5002341	Dacquoturtle	pet-5002341.png
pet	5002342	Madelwhale	pet-5002342.png
pet	5002343	Lil Toben	pet-5002343.png
pet	5002344	Arcane Toben	pet-5002344.png
pet	5002345	Shiny Toben	pet-5002345.png
pet	5002346	Cream Bean	pet-5002346.png
pet	5002347	Cream Slime	pet-5002347.png
pet	5002348	Cream Yeti	pet-5002348.png
pet	5002349	Sherbet	pet-5002349.png
pet	5002350	Aro	pet-5002350.png
pet	5002351	Pola	pet-5002351.png
pet	5002352	Hailey	pet-5002352.png
pet	5002353	Happy Heart	pet-5002353.png
pet	5002354	Angerbolt	pet-5002354.png
pet	5002355	Sad Cloud	pet-5002355.png
pet	5002356	Toth	pet-5002356.png
pet	5002357	Vella	pet-5002357.png
pet	5002358	Lil Death	pet-5002358.png
pet	5002365	Toth	pet-5002365.png
pet	5002366	Vella	pet-5002366.png
pet	5002367	Lil Death	pet-5002367.png
pet	5002375	Nessie	pet-5002375.png
pet	5002376	Mimi	pet-5002376.png
pet	5002377	Bijou	pet-5002377.png
pet	5002378	Soda	pet-5002378.png
pet	5002379	Betty	pet-5002379.png
pet	5002380	Minty	pet-5002380.png
pet	5002381	Komi	pet-5002381.png
pet	5002382	Toogi	pet-5002382.png
pet	5002383	Rami	pet-5002383.png
pet	5002390	Grr	pet-5002390.png
pet	5002391	Kyaa	pet-5002391.png
pet	5002392	Rawr	pet-5002392.png
pet	5002393	Milk Roll	pet-5002393.png
pet	5002394	Berry Roll	pet-5002394.png
pet	5002395	Green Roll	pet-5002395.png
pet	5002396	CCPB	pet-5002396.png
pet	5002423	Oberon	pet-5002423.png
pet	5002424	Titania	pet-5002424.png
pet	5002425	Petite Pico	pet-5002425.png
pet	5002426	Victory	pet-5002426.png
pet	5002427	Glory	pet-5002427.png
pet	5002428	Lil Pony	pet-5002428.png
pet	5002500	CCPB	pet-5002500.png
pet	5002510	Lil Shinsoo	pet-5002510.png
pet	5002514	Sleepeng	pet-5002514.png
pet	5002515	Coocoo	pet-5002515.png
pet	5002516	Waggle	pet-5002516.png
pet	5002517	LRock Spirit	pet-5002517.png
pet	5002528	Pyuri	pet-5002528.png
pet	5002529	Pori	pet-5002529.png
pet	5002530	Puri	pet-5002530.png
pet	5002531	Papa Ghost	pet-5002531.png
pet	5002532	Nono Ghost	pet-5002532.png
pet	5002533	Bobo Ghost	pet-5002533.png
pet	5002518	SRock Spirit	pet-5002518.png
pet	5002546	Lil Khali	pet-5002546.png
pet	5002556	Plumpy	pet-5002556.png
pet	5002557	Chubby	pet-5002557.png
pet	5002558	Pudgy	pet-5002558.png
pet	5002559	Apple Crab	pet-5002559.png
pet	5002560	Puddingding	pet-5002560.png
pet	5002561	Mazurka	pet-5002561.png
pet	5002562	Cantabile	pet-5002562.png
pet	5002563	Lil Time	pet-5002563.png
pet	5002564	Mazurka	pet-5002564.png
pet	5002565	Cantabile	pet-5002565.png
pet	5002566	Lil Time	pet-5002566.png
pet	5002573	Mayple	pet-5002573.png
pet	5002574	Happy Flower	pet-5002574.png
pet	5002575	Green Teddy	pet-5002575.png
pet	5002576	Orange Teddy	pet-5002576.png
pet	5002577	Pink Teddy	pet-5002577.png
pet	5002578	Lovely Cat	pet-5002578.png
pet	5002579	Lovely Bear	pet-5002579.png
pet	5002580	Bonny Rabbit	pet-5002580.png
pet	5002604	Dream Cloud	pet-5002604.png
pet	5002605	Dream Star	pet-5002605.png
pet	5002606	Dream Moon	pet-5002606.png
pet	5002607	Vanilla Cone	pet-5002607.png
pet	5002608	Choco Cone	pet-5002608.png
pet	5002609	Berry Cone	pet-5002609.png
pet	5002610	Lil Rain	pet-5002610.png
pet	5002617	Lil Enki	pet-5002617.png
pet	5002618	Okya & Tobi	pet-5002618.png
pet	5002637	Baby Hippo	pet-5002637.png
pet	5002638	Wolf Pup	pet-5002638.png
pet	5002639	Lion Cub	pet-5002639.png
pet	5002640	Y. Moon Bfly	pet-5002640.png
pet	5002641	B. Moon Bfly	pet-5002641.png
pet	5002642	P. Moon Bfly	pet-5002642.png
pet	5002655	Lil Eskalade	pet-5002655.png
pet	5002662	Gleam Buddy	pet-5002662.png
pet	5002665	Florian	pet-5002665.png
pet	5002666	Florence	pet-5002666.png
pet	5002667	Lil Flora	pet-5002667.png
pet	5002668	Winter Deer	pet-5002668.png
pet	5002669	Snow Ram	pet-5002669.png
pet	5002670	Winter Snowy	pet-5002670.png
pet	5002671	Pale Smore	pet-5002671.png
pet	5002672	Toasty Smore	pet-5002672.png
pet	5002673	Burnt Smore	pet-5002673.png
pet	5002674	Florian	pet-5002674.png
pet	5002675	Florence	pet-5002675.png
pet	5002676	Lil Flora	pet-5002676.png
pet	5002677	G.N. Lotus	pet-5002677.png
pet	5002678	G.N. Orchid	pet-5002678.png
pet	5002679	G.N. Rabbit	pet-5002679.png
pet	5002680	Dazzling Hat	pet-5002680.png
pet	5002690	Somi 'n Sae	pet-5002690.png
pet	5002691	Mung 'n Moon	pet-5002691.png
pet	5002692	Nyan 'n Kham	pet-5002692.png
pet	5002693	Why-Shroom	pet-5002693.png
pet	5002694	What-Shroom	pet-5002694.png
pet	5002695	How-Shroom	pet-5002695.png
pet	5002712	Lil Maha	pet-5002712.png
pet	5002716	Dumby Squish	pet-5002716.png
pet	5002717	Bunny Squish	pet-5002717.png
pet	5002718	Jelly Squish	pet-5002718.png
pet	5002719	Thundirrel	pet-5002719.png
pet	5002720	Watirrel	pet-5002720.png
pet	5002721	Windmunk	pet-5002721.png
pet	5002722	Taters	pet-5002722.png
pet	5002723	Lil Moonbeam	pet-5002723.png
pet	5002732	Lil Tanjiro	pet-5002732.png
pet	5002733	Lil Nezuko	pet-5002733.png
pet	5002734	Lil Zenitsu	pet-5002734.png
pet	5002742	Beary	pet-5002742.png
pet	5002743	Sly	pet-5002743.png
pet	5002744	Hops	pet-5002744.png
pet	5002745	Donut Drum	pet-5002745.png
pet	5002746	Choco Piano	pet-5002746.png
pet	5002747	Guitar Crisp	pet-5002747.png
pet	5002748	Lucky Clover	pet-5002748.png
pet	5002773	Choco Puppy	pet-5002773.png
pet	5002774	Berry Piggy	pet-5002774.png
pet	5002775	Banana Hammy	pet-5002775.png
pet	5002785	Kye	pet-5002785.png
pet	5002786	Adella	pet-5002786.png
pet	5002787	Lil Snow	pet-5002787.png
pet	5002788	Brown Teddy	pet-5002788.png
pet	5002789	Panda Teddy	pet-5002789.png
pet	5002790	Pink Teddy	pet-5002790.png
pet	5002796	Sweet Spirit	pet-5002796.png
pet	5002804	Lil Saya	pet-5002804.png
pet	5002806	Roartops	pet-5002806.png
pet	5002807	T-roar	pet-5002807.png
pet	5002808	Stegoroar	pet-5002808.png
pet	5002809	Gold Meso	pet-5002809.png
pet	5002810	Silver Meso	pet-5002810.png
pet	5002811	Bronze Meso	pet-5002811.png
pet	5000025	Golden Pig	pet-5000025.png
pet	5000028	Dragon	pet-5000028.png
pet	5000029	Baby Dragon	pet-5000029.png
pet	5000030	Green Dragon	pet-5000030.png
pet	5000031	Red Dragon	pet-5000031.png
pet	5000032	Blue Dragon	pet-5000032.png
pet	5000033	Black Dragon	pet-5000033.png
pet	5000034	Black Bunny	pet-5000034.png
pet	5000036	Jr. Reaper	pet-5000036.png
pet	5000037	Husky	pet-5000037.png
pet	5000038	White Monkey	pet-5000038.png
pet	5000039	Porcupine	pet-5000039.png
pet	5000044	Orange Tiger	pet-5000044.png
pet	5000045	Skunk	pet-5000045.png
pet	5000047	Robo	pet-5000047.png
pet	5000048	Baby Robo	pet-5000048.png
pet	5000049	Blue Robo	pet-5000049.png
pet	5000050	Red Robo	pet-5000050.png
pet	5000051	Green Robo	pet-5000051.png
pet	5000052	Gold Robo	pet-5000052.png
pet	5000053	Gorilla Robo	pet-5000053.png
pet	5000055	Crys.Rudolph	pet-5000055.png
pet	5000056	Toucan	pet-5000056.png
pet	5000058	White Duck	pet-5000058.png
pet	5000060	Pink Bean	pet-5000060.png
pet	5000066	Baby Tiger	pet-5000066.png
pet	5000067	Weird Alien	pet-5000067.png
pet	5000070	Mir	pet-5000070.png
pet	5000071	Ruby	pet-5000071.png
pet	5000074	Bing Monkey	pet-5000074.png
pet	5000076	Corgi Pup	pet-5000076.png
pet	5000078	Monkey	pet-5000078.png
pet	5000079	Black Kitty	pet-5000079.png
pet	5000080	Penguin	pet-5000080.png
pet	5000082	Baby Tiger	pet-5000082.png
pet	5000085	Cake	pet-5000085.png
pet	5000086	Pie	pet-5000086.png
pet	5000096	Dummbo	pet-5000096.png
pet	5000098	Shark	pet-5000098.png
pet	5000100	Kino	pet-5000100.png
pet	5000101	White Tiger	pet-5000101.png
pet	5000102	Mini Yeti	pet-5000102.png
pet	5000103	Chroma Bean	pet-5000103.png
pet	5000105	Baby Tiger	pet-5000105.png
pet	5000106	Ruby	pet-5000106.png
pet	5000107	Black Pig	pet-5000107.png
pet	5000108	Cake	pet-5000108.png
pet	5000109	Pie	pet-5000109.png
pet	5000110	Corgi Pup	pet-5000110.png
pet	5000111	Persian Cat	pet-5000111.png
pet	5000114	Rudolph	pet-5000114.png
pet	5000116	Jr. Reaper	pet-5000116.png
pet	5000117	White Bunny	pet-5000117.png
pet	5000118	Mir	pet-5000118.png
pet	5000120	Tiel	pet-5000120.png
pet	5000121	Esel	pet-5000121.png
pet	5000122	Galiel	pet-5000122.png
pet	5000130	Metus	pet-5000130.png
pet	5000131	Mors	pet-5000131.png
pet	5000132	Invidia	pet-5000132.png
pet	5000133	Storm Dragon	pet-5000133.png
pet	5000134	Fennec Fox	pet-5000134.png
pet	5000135	Gingerbready	pet-5000135.png
pet	5000136	Ice Knight	pet-5000136.png
pet	5000138	Merlion Pet	pet-5000138.png
pet	5000139	Butterfly	pet-5000139.png
pet	5000141	Shark	pet-5000141.png
pet	5000142	Puffram	pet-5000142.png
pet	5000143	Craw	pet-5000143.png
pet	5000144	Adriano	pet-5000144.png
pet	5000145	Bonkey	pet-5000145.png
pet	5000146	Harp Seal	pet-5000146.png
pet	5000147	Penguin	pet-5000147.png
pet	5000148	White Duck	pet-5000148.png
pet	5000149	Silver Husky	pet-5000149.png
pet	5000150	Pink Yeti	pet-5000150.png
pet	5000151	Bandit	pet-5000151.png
pet	5000155	Abel	pet-5000155.png
pet	5000156	Axel	pet-5000156.png
pet	5000161	Pink	pet-5000161.png
pet	5000162	Aaron	pet-5000162.png
pet	5000163	Mint	pet-5000163.png
pet	5000167	Starwing	pet-5000167.png
pet	5000168	Stickman	pet-5000168.png
pet	5000170	PSY	pet-5000170.png
pet	5000172	Mini Yeti	pet-5000172.png
pet	5000176	Kangaroo	pet-5000176.png
pet	5000193	Von Soup	pet-5000193.png
pet	5000194	Pink Bunny	pet-5000194.png
pet	5000195	Black Bunny	pet-5000195.png
pet	5000197	Sassy Snake	pet-5000197.png
pet	5000198	Lil Moonbeam	pet-5000198.png
pet	5000199	Adel	pet-5000199.png
pet	5000203	Craw	pet-5000203.png
pet	5000204	Adriano	pet-5000204.png
pet	5000205	Bonkey	pet-5000205.png
pet	5000209	Storm Dragon	pet-5000209.png
pet	5000212	Metus	pet-5000212.png
pet	5000213	Mors	pet-5000213.png
pet	5000214	Invidia	pet-5000214.png
pet	5000234	Metus	pet-5000234.png
pet	5000235	Mors	pet-5000235.png
pet	5000236	Invidia	pet-5000236.png
pet	5000241	Puffram	pet-5000241.png
pet	5000246	Chroma Bean	pet-5000246.png
pet	5000254	Red Elly	pet-5000254.png
pet	5000255	Blue Burro	pet-5000255.png
pet	5000262	Merlion	pet-5000262.png
pet	5000263	Butterfly	pet-5000263.png
pet	5000264	Kangaroo	pet-5000264.png
pet	5000265	Crys.Rudolph	pet-5000265.png
pet	5000266	Pink Bean	pet-5000266.png
pet	5000300	Devil Ipos	pet-5000300.png
pet	5000301	Devil Shaz	pet-5000301.png
pet	5000302	Devil Ose	pet-5000302.png
pet	5000303	Devil Iros	pet-5000303.png
pet	5000304	Devil Maz	pet-5000304.png
pet	5000305	Devil Fose	pet-5000305.png
pet	5000306	Devil Imos	pet-5000306.png
pet	5000307	Devil Gaz	pet-5000307.png
pet	5000308	Devil Tose	pet-5000308.png
pet	5000312	Blue Dragon	pet-5000312.png
pet	5000318	Yeti Robot	pet-5000318.png
pet	5000329	Red Dragon	pet-5000329.png
pet	5000337	PSY	pet-5000337.png
pet	5000345	Tiny Gollux	pet-5000345.png
pet	5000362	RED Rudolph	pet-5000362.png
pet	5000363	RED Yeti	pet-5000363.png
pet	5000364	RED Penguin	pet-5000364.png
pet	5000369	Lil Lai	pet-5000369.png
pet	5000370	Lil Fort	pet-5000370.png
pet	5000371	Lil Arby	pet-5000371.png
pet	5000382	Frankie	pet-5000382.png
pet	5000384	Petite Mario	pet-5000384.png
pet	5000424	Sheep	pet-5000424.png
pet	5000442	Gelimer	pet-5000442.png
pet	5000449	Gengerbready	pet-5000449.png
pet	5000451	Gorilla Robo	pet-5000451.png
pet	5000456	Matcha Man	pet-5000456.png
pet	5000457	Lady Hot Tea	pet-5000457.png
pet	5000458	Captain Cafe	pet-5000458.png
pet	5000463	Burnt Nut	pet-5000463.png
pet	5000464	Gingerhead	pet-5000464.png
pet	5000465	Orange	pet-5000465.png
pet	5000483	Mouse Monkey	pet-5000483.png
pet	5000499	Stickman	pet-5000499.png
pet	5000500	Turkey	pet-5000500.png
pet	5000501	Pumpkin Jack	pet-5000501.png
pet	5000502	Pumpkin O'	pet-5000502.png
pet	5000503	Pumpkin L	pet-5000503.png
pet	5000505	Frankie	pet-5000505.png
pet	5000507	Blue Husky	pet-5000507.png
pet	5000508	Crys.Rudolph	pet-5000508.png
pet	5000509	Snowman	pet-5000509.png
pet	5000510	Fluffram	pet-5000510.png
pet	5000511	Lil Von Leon	pet-5000511.png
pet	5000513	Lil Hilla	pet-5000513.png
pet	5000514	Matcha Man	pet-5000514.png
pet	5000515	Lady Hot Tea	pet-5000515.png
pet	5000516	Captain Cafe	pet-5000516.png
pet	5000517	Hekaton	pet-5000517.png
pet	5000518	Hekaton S	pet-5000518.png
pet	5000519	Hekaton E	pet-5000519.png
pet	5000520	Hekaton A	pet-5000520.png
pet	5000521	Lil Ninja	pet-5000521.png
pet	5000522	Toucan	pet-5000522.png
pet	5000524	Alpaca	pet-5000524.png
pet	5000525	Lil Lotus	pet-5000525.png
pet	5000526	Ill Orchid	pet-5000526.png
pet	5000527	Gelimer	pet-5000527.png
pet	5000528	Meerkat Mob	pet-5000528.png
pet	5000529	Pudgycat	pet-5000529.png
pet	5000530	War Sheep	pet-5000530.png
pet	5000531	Mage Sheep	pet-5000531.png
pet	5000532	Cleric Sheep	pet-5000532.png
pet	5000533	Furry Elwin	pet-5000533.png
pet	5000534	Fluffy Lily	pet-5000534.png
pet	5000535	Baby Nero	pet-5000535.png
pet	5000536	Strawbear	pet-5000536.png
pet	5000537	Bananabear	pet-5000537.png
pet	5000538	Cookiebear	pet-5000538.png
pet	5000545	Black Bean	pet-5000545.png
pet	5000546	Skunk	pet-5000546.png
pet	5000547	Porcupine	pet-5000547.png
pet	5000548	Roo-A	pet-5000548.png
pet	5000549	Roo-B	pet-5000549.png
pet	5000550	Roo-C	pet-5000550.png
pet	5000551	Pink Dragon	pet-5000551.png
pet	5000552	Ice Dragon	pet-5000552.png
pet	5000553	Red Dragon	pet-5000553.png
pet	5000554	Kiwi Puff	pet-5000554.png
pet	5000555	Berry Puff	pet-5000555.png
pet	5000556	Mango Puff	pet-5000556.png
pet	5000557	Tiny Nero	pet-5000557.png
pet	5000558	Cheesy Cat	pet-5000558.png
pet	5000559	Samson Cat	pet-5000559.png
pet	5000561	Monkey	pet-5000561.png
pet	5000563	Mouse Monkey	pet-5000563.png
pet	5000568	Purple Cake	pet-5000568.png
pet	5000569	Stjartmes	pet-5000569.png
pet	5000570	Lil Tutu	pet-5000570.png
pet	5000571	Lil Nenne	pet-5000571.png
pet	5000572	Lil Lingling	pet-5000572.png
pet	5000573	Lil Evan	pet-5000573.png
pet	5000574	Lil Aran	pet-5000574.png
pet	5000575	Lil Phantom	pet-5000575.png
pet	5000576	Lil Luminous	pet-5000576.png
pet	5000577	Lil Mercedes	pet-5000577.png
pet	5000578	Lil Shade	pet-5000578.png
pet	5000579	Gorilla Robo	pet-5000579.png
pet	5000580	Lil Damien	pet-5000580.png
pet	5000581	Lil Alicia	pet-5000581.png
pet	5000582	Lil Lilin	pet-5000582.png
pet	5000585	Lil Tengu	pet-5000585.png
pet	5000586	Beagle	pet-5000586.png
pet	5000587	Salem Cat	pet-5000587.png
pet	5000588	Binx Cat	pet-5000588.png
pet	5000589	Kit Cat	pet-5000589.png
pet	5000590	Bichon	pet-5000590.png
pet	5000591	Yodeling Hen	pet-5000591.png
pet	5000592	Gold Chicken	pet-5000592.png
pet	5000604	Brown Kitty	pet-5000604.png
pet	5000605	Lil Zakum	pet-5000605.png
pet	5000606	Stjartmes	pet-5000606.png
pet	5000607	Lil Tutu	pet-5000607.png
pet	5000608	Lil Nenne	pet-5000608.png
pet	5000609	Lil Lingling	pet-5000609.png
pet	5000610	Moist Cake	pet-5000610.png
pet	5000611	Purple Cake	pet-5000611.png
pet	5000612	Lil Moonbeam	pet-5000612.png
pet	5000613	Lil Hilla	pet-5000613.png
pet	5000614	Lil Orchid	pet-5000614.png
pet	5000615	Lil Von Leon	pet-5000615.png
pet	5000617	Stjartmes	pet-5000617.png
pet	5000618	Stjartmes	pet-5000618.png
pet	5000623	Esel	pet-5000623.png
pet	5000626	Lil Damien	pet-5000626.png
pet	5000627	Lil Alicia	pet-5000627.png
pet	5000628	Lil Lilin	pet-5000628.png
pet	5000629	Merlion Pet	pet-5000629.png
pet	5000630	Toucan	pet-5000630.png
pet	5000631	Lil Tengu	pet-5000631.png
pet	5000632	Beagle	pet-5000632.png
pet	5000636	Salem Cat	pet-5000636.png
pet	5000637	Binx Cat	pet-5000637.png
pet	5000638	Kit Cat	pet-5000638.png
pet	5000639	Bichon	pet-5000639.png
pet	5000644	Craw	pet-5000644.png
pet	5000645	Adriano	pet-5000645.png
pet	5000646	Bonkey	pet-5000646.png
pet	5000647	Mage Sheep	pet-5000647.png
pet	5000648	War Sheep	pet-5000648.png
pet	5000649	Cleric Sheep	pet-5000649.png
pet	5000650	Furry Elwin	pet-5000650.png
pet	5000651	Fluffy Lily	pet-5000651.png
pet	5000652	Baby Nero	pet-5000652.png
pet	5000653	Yodeling Hen	pet-5000653.png
pet	5000654	Pumpkin Jack	pet-5000654.png
pet	5000655	Pumpkin Zack	pet-5000655.png
pet	5000656	Pumpkin Mack	pet-5000656.png
pet	5000657	Kiwi Puff	pet-5000657.png
pet	5000658	Berry Puff	pet-5000658.png
pet	5000659	Mango Puff	pet-5000659.png
pet	5000660	Chroma Bean	pet-5000660.png
pet	5000661	Frankie	pet-5000661.png
pet	5000662	Tiel	pet-5000662.png
pet	5000663	Esel	pet-5000663.png
pet	5000664	Galiel	pet-5000664.png
pet	5000665	Lil Lotus	pet-5000665.png
pet	5000666	Ill Orchid	pet-5000666.png
pet	5000667	Gelimer	pet-5000667.png
pet	5000668	Black Bean	pet-5000668.png
pet	5000669	Roo-A	pet-5000669.png
pet	5000670	Roo-B	pet-5000670.png
pet	5000671	Roo-C	pet-5000671.png
pet	5000676	Tiny Nero	pet-5000676.png
pet	5000677	Cheesy Cat	pet-5000677.png
pet	5000678	Samson Cat	pet-5000678.png
pet	5000679	Sailor Seal	pet-5000679.png
pet	5000680	Admiral Seal	pet-5000680.png
pet	5000681	Steward Seal	pet-5000681.png
pet	5000682	Snowman	pet-5000682.png
pet	5000683	Silver Husky	pet-5000683.png
pet	5000684	Blue Husky	pet-5000684.png
pet	5000686	Gold Chicken	pet-5000686.png
pet	5000687	Moist Cake	pet-5000687.png
pet	5000688	Nutty Pie	pet-5000688.png
pet	5000689	Sweet Candy	pet-5000689.png
pet	5000690	Cloud Candy	pet-5000690.png
pet	5000691	Mossy Candy	pet-5000691.png
pet	5000692	Pinkie Candy	pet-5000692.png
pet	5000693	Ebony Lucid	pet-5000693.png
pet	5000694	Powder Lucid	pet-5000694.png
pet	5000695	Rose Lucid	pet-5000695.png
pet	5000698	Fluffy Teddy	pet-5000698.png
pet	5000699	Cutie Teddy	pet-5000699.png
pet	5000700	Puffy Teddy	pet-5000700.png
pet	5000701	Sheepdog	pet-5000701.png
pet	5000702	Samoyed	pet-5000702.png
pet	5000703	Retriever	pet-5000703.png
pet	5000704	Pinkadillo	pet-5000704.png
pet	5000705	Yellowdillo	pet-5000705.png
pet	5000706	Greenadillo	pet-5000706.png
pet	5000697	Vampire Cat	pet-5000697.png
pet	5000710	Chippermunk	pet-5000710.png
pet	5000711	Chipmunch	pet-5000711.png
pet	5000712	Chubmunk	pet-5000712.png
pet	5000713	Fondue Fold	pet-5000713.png
pet	5000714	Sasha Fold	pet-5000714.png
pet	5000715	Coco Fold	pet-5000715.png
pet	5000716	Lil Ninja	pet-5000716.png
pet	5000717	Royal Thumpy	pet-5000717.png
pet	5000593	Royal Thumpy	pet-5000593.png
pet	5000594	Hedgehog	pet-5000594.png
pet	5000718	White Alpaca	pet-5000718.png
pet	5000719	Brown Alpaca	pet-5000719.png
pet	5000720	Weird Alpaca	pet-5000720.png
pet	5000724	Vile Metus	pet-5000724.png
pet	5000725	Dire Mors	pet-5000725.png
pet	5000726	Wild Invidia	pet-5000726.png
pet	5000596	Lil Tutu	pet-5000596.png
pet	5000597	Lil Nenne	pet-5000597.png
pet	5000598	Lil Lingling	pet-5000598.png
pet	5000730	Lil Lai	pet-5000730.png
pet	5000731	Lil Fort	pet-5000731.png
pet	5000732	Lil Arby	pet-5000732.png
pet	5000739	Ebony Lucid	pet-5000739.png
pet	5000744	Alpaca	pet-5000744.png
pet	5000741	Stingray Man	pet-5000741.png
pet	5000742	Blowfish Man	pet-5000742.png
pet	5000743	Carp Man	pet-5000743.png
pet	5000746	Bitty Bus	pet-5000746.png
pet	5000747	Bitty Taxi	pet-5000747.png
pet	5000748	Bitty Pickup	pet-5000748.png
pet	5000809	Brown Alpaca	pet-5000809.png
pet	5000810	Weird Alpaca	pet-5000810.png
pet	5000811	White Alpaca	pet-5000811.png
pet	5000812	Carp Man	pet-5000812.png
pet	5000813	Stingray Man	pet-5000813.png
pet	5000814	Blowfish Man	pet-5000814.png
pet	5000755	Fried Shrimp	pet-5000755.png
pet	5000756	Apple Orchid	pet-5000756.png
pet	5000757	Mango Orchid	pet-5000757.png
pet	5000758	Ocean Orchid	pet-5000758.png
pet	5000821	Vampire Cat	pet-5000821.png
pet	5000770	Yellow Chick	pet-5000770.png
pet	5000822	Bitty Bus	pet-5000822.png
pet	5000823	Bitty Taxi	pet-5000823.png
pet	5000824	Bitty Pickup	pet-5000824.png
pet	5000750	Polar Cub	pet-5000750.png
pet	5000759	Boston	pet-5000759.png
pet	5000760	Yorkshire	pet-5000760.png
pet	5000761	Westie	pet-5000761.png
pet	5000775	Honey Angel	pet-5000775.png
pet	5000776	Lime Angel	pet-5000776.png
pet	5000777	Peach Angel	pet-5000777.png
pet	5000778	Cookie	pet-5000778.png
pet	5000779	Croquant	pet-5000779.png
pet	5000780	Meringue	pet-5000780.png
pet	5000781	Small Spirit	pet-5000781.png
pet	5000782	Tree Spirit	pet-5000782.png
pet	5000783	Rock Spirit	pet-5000783.png
pet	5000784	Mini Miyo	pet-5000784.png
pet	5000828	Polar Cub	pet-5000828.png
pet	5000829	Boston	pet-5000829.png
pet	5000830	Yorkshire	pet-5000830.png
pet	5000831	Westie	pet-5000831.png
pet	5000785	Cuddle Pup	pet-5000785.png
pet	5000835	Cuddle Pup	pet-5000835.png
pet	5000789	Flurblynk	pet-5000789.png
pet	5000900	Snoozy Bunny	pet-5000900.png
pet	5000901	Dreamy Bunny	pet-5000901.png
pet	5000902	Dozy Bunny	pet-5000902.png
pet	5000905	Happy Ghost	pet-5000905.png
pet	5000904	Sassy Ghost	pet-5000904.png
pet	5000903	Dazed Ghost	pet-5000903.png
pet	5000912	Star Orchid	pet-5000912.png
pet	5000913	Star Lotus	pet-5000913.png
pet	5000914	Star Phantom	pet-5000914.png
pet	5000838	Star Orchid	pet-5000838.png
pet	5000839	Star Lotus	pet-5000839.png
pet	5000840	Star Phantom	pet-5000840.png
pet	5000915	Sanho	pet-5000915.png
pet	5000916	Nari	pet-5000916.png
pet	5000917	Bari	pet-5000917.png
pet	5000836	Flurblynk	pet-5000836.png
pet	5000909	Shibe	pet-5000909.png
pet	5000910	Shibu	pet-5000910.png
pet	5000911	Shibo	pet-5000911.png
pet	5000926	Pinky-mingo	pet-5000926.png
pet	5000927	Shocky-mingo	pet-5000927.png
pet	5000928	Smarty-mingo	pet-5000928.png
pet	5000942	Rose Glodeer	pet-5000942.png
pet	5000943	Mint Glodeer	pet-5000943.png
pet	5000944	Iris Glodeer	pet-5000944.png
pet	5000946	Shibe	pet-5000946.png
pet	5000947	Shibu	pet-5000947.png
pet	5000948	Shibo	pet-5000948.png
pet	5000949	Pinky-mingo	pet-5000949.png
pet	5000950	Shocky-mingo	pet-5000950.png
pet	5000951	Smarty-mingo	pet-5000951.png
pet	5000954	Baby Tyranno	pet-5000954.png
pet	5000955	Baby Stego	pet-5000955.png
pet	5000956	Baby Brachio	pet-5000956.png
pet	5000957	Baby Tyranno	pet-5000957.png
pet	5000958	Baby Stego	pet-5000958.png
pet	5000959	Baby Brachio	pet-5000959.png
pet	5000929	Kero-chan	pet-5000929.png
pet	5000844	Kero-chan	pet-5000844.png
pet	5000978	Hedgehog	pet-5000978.png
pet	5000990	Sleepy	pet-5000990.png
pet	5000991	Dozer	pet-5000991.png
pet	5000992	Yawny	pet-5000992.png
pet	5000993	Mysteria	pet-5000993.png
pet	5000994	Cirra	pet-5000994.png
pet	5000995	Sparklie	pet-5000995.png
pet	5000996	Meerkat Mob	pet-5000996.png
pet	5000984	Verus Hilla	pet-5000984.png
pet	5000985	Necro Damien	pet-5000985.png
pet	5000986	Necro Lotus	pet-5000986.png
pet	5000987	Verus Hilla	pet-5000987.png
pet	5000988	Necro Damien	pet-5000988.png
pet	5000989	Necro Lotus	pet-5000989.png
pet	5000971	Salmon Sushi	pet-5000971.png
pet	5000972	Peppy Slime	pet-5000972.png
pet	5000846	Cookie	pet-5000846.png
pet	5000847	Croquant	pet-5000847.png
pet	5000848	Meringue	pet-5000848.png
pet	5000849	Salmon Sushi	pet-5000849.png
pet	5000850	Peppy Slime	pet-5000850.png
pet	5000997	Pearly Piggy	pet-5000997.png
pet	5000998	Spotty Piggy	pet-5000998.png
pet	5000999	Burly Piggy	pet-5000999.png
pet	5002000	Pearly Piggy	pet-5002000.png
pet	5002001	Spotty Piggy	pet-5002001.png
pet	5002002	Burly Piggy	pet-5002002.png
pet	5002009	Pink Yeti	pet-5002009.png
pet	5000854	Golden Pig	pet-5000854.png
pet	5000855	Lil Orchid	pet-5000855.png
pet	5002003	Fuji	pet-5002003.png
pet	5002004	Fuzz	pet-5002004.png
pet	5002005	Meyer	pet-5002005.png
pet	5002006	Fuji	pet-5002006.png
pet	5002007	Fuzz	pet-5002007.png
pet	5002008	Meyer	pet-5002008.png
pet	5000856	Bunny Bun	pet-5000856.png
pet	5002017	Bunny Bun	pet-5002017.png
pet	5002018	Cube Puppy	pet-5002018.png
pet	5002019	Cube Kitty	pet-5002019.png
pet	5002020	Cube Hamster	pet-5002020.png
pet	5000857	Mini Queen	pet-5000857.png
pet	5000858	Von Bon	pet-5000858.png
pet	5000859	Pierre	pet-5000859.png
pet	5000860	Microslime	pet-5000860.png
pet	5000861	Microyeti	pet-5000861.png
pet	5000862	Iron Rabbit	pet-5000862.png
pet	5000852	LEONARD	pet-5000852.png
pet	5000853	EDWARD	pet-5000853.png
pet	5002028	LEONARD	pet-5002028.png
pet	5002029	EDWARD	pet-5002029.png
pet	5002011	Hefty Kitty	pet-5002011.png
pet	5002012	Tubby Bird	pet-5002012.png
pet	5002013	Pudgy Puppy	pet-5002013.png
pet	5002014	Hefty Kitty	pet-5002014.png
pet	5002015	Tubby Bird	pet-5002015.png
pet	5002016	Pudgy Puppy	pet-5002016.png
pet	5002021	Wee Mars	pet-5002021.png
pet	5002022	Wee Saturn	pet-5002022.png
pet	5002023	Wee Uranus	pet-5002023.png
pet	5002024	Wee Mars	pet-5002024.png
pet	5002025	Wee Saturn	pet-5002025.png
pet	5002026	Wee Uranus	pet-5002026.png
pet	5000866	Mastema	pet-5000866.png
pet	5002030	Tamagoyaki	pet-5002030.png
pet	5002031	OctoSausage	pet-5002031.png
pet	5002032	Onigiri	pet-5002032.png
pet	5002042	Tamagoyaki	pet-5002042.png
pet	5002043	OctoSausage	pet-5002043.png
pet	5002044	Onigiri	pet-5002044.png
pet	5000867	Ebony Lucid	pet-5000867.png
pet	5000868	Powder Lucid	pet-5000868.png
pet	5000869	Rose Lucid	pet-5000869.png
pet	5002051	Lil Evan	pet-5002051.png
pet	5002052	Lil Aran	pet-5002052.png
pet	5002053	Lil Phantom	pet-5002053.png
pet	5002054	Lil Luminous	pet-5002054.png
pet	5002055	Lil Mercedes	pet-5002055.png
pet	5002056	Lil Shade	pet-5002056.png
pet	5002048	Baby Axol	pet-5002048.png
pet	5002049	Baby Xolo	pet-5002049.png
pet	5002050	Baby Lotl	pet-5002050.png
pet	5002060	Baby Axol	pet-5002060.png
pet	5002061	Baby Xolo	pet-5002061.png
pet	5002062	Baby Lotl	pet-5002062.png
pet	5002041	Kino	pet-5002041.png
pet	5002063	Lil Lai	pet-5002063.png
pet	5002064	Lil Fort	pet-5002064.png
pet	5002065	Lil Arby	pet-5002065.png
pet	5002066	Small Spirit	pet-5002066.png
pet	5002067	Tree Spirit	pet-5002067.png
pet	5002068	Rock Spirit	pet-5002068.png
pet	5002069	Hamlet	pet-5002069.png
pet	5002070	Roly Rosy	pet-5002070.png
pet	5002071	Robbie	pet-5002071.png
pet	5002045	Sea-lixir	pet-5002045.png
pet	5002046	Love Potion	pet-5002046.png
pet	5002047	Tangy Tonic	pet-5002047.png
pet	5002072	Sea-lixir	pet-5002072.png
pet	5002073	Love Potion	pet-5002073.png
pet	5002074	Tangy Tonic	pet-5002074.png
pet	5002087	Baby Axol	pet-5002087.png
pet	5002088	Baby Xolo	pet-5002088.png
pet	5002089	Baby Lotl	pet-5002089.png
pet	5002090	Baby Tyranno	pet-5002090.png
pet	5002091	Baby Stego	pet-5002091.png
pet	5002092	Baby Brachio	pet-5002092.png
pet	5002057	Pokey Peach	pet-5002057.png
pet	5002058	Spikey Blu	pet-5002058.png
pet	5002059	Prickly Cher	pet-5002059.png
pet	5002093	Pokey Peach	pet-5002093.png
pet	5002094	Spikey Blu	pet-5002094.png
pet	5002095	Prickly Cher	pet-5002095.png
pet	5002099	Puffram	pet-5002099.png
pet	5002076	Sky Haunt	pet-5002076.png
pet	5002077	Fern Haunt	pet-5002077.png
pet	5002078	Sunny Haunt	pet-5002078.png
pet	5002100	Sky Haunt	pet-5002100.png
pet	5002101	Fern Haunt	pet-5002101.png
pet	5002102	Sunny Haunt	pet-5002102.png
pet	5002103	AutomoBean	pet-5002103.png
pet	5002104	SlimeBuggy	pet-5002104.png
pet	5002105	Yeticab	pet-5002105.png
pet	5002106	Apple Orchid	pet-5002106.png
pet	5002107	Mango Orchid	pet-5002107.png
pet	5002108	Ocean Orchid	pet-5002108.png
pet	5002096	Soft S'more	pet-5002096.png
pet	5002097	Warm S'more	pet-5002097.png
pet	5002098	Burnt S'more	pet-5002098.png
pet	5002114	Soft S'more	pet-5002114.png
pet	5002115	Warm S'more	pet-5002115.png
pet	5002116	Burnt S'more	pet-5002116.png
pet	5002117	Sanho	pet-5002117.png
pet	5002118	Nari	pet-5002118.png
pet	5002119	Bari	pet-5002119.png
pet	5002110	White Boxcat	pet-5002110.png
pet	5002111	Tabby Boxcat	pet-5002111.png
pet	5002112	Black Boxcat	pet-5002112.png
pet	5002122	Chicky Bear	pet-5002122.png
pet	5002123	Ducky Pup	pet-5002123.png
pet	5002124	Foxy Pooch	pet-5002124.png
pet	5002120	Squeaker	pet-5002120.png
pet	5002125	Cheeser	pet-5002125.png
pet	5002126	Nibbles	pet-5002126.png
pet	5002133	White Boxcat	pet-5002133.png
pet	5002134	Tabby Boxcat	pet-5002134.png
pet	5002135	Black Boxcat	pet-5002135.png
pet	5002130	Hamlet	pet-5002130.png
pet	5002131	Roly Rosy	pet-5002131.png
pet	5002132	Robbie	pet-5002132.png
pet	5002147	Squeaker	pet-5002147.png
pet	5002148	Cheeser	pet-5002148.png
pet	5002149	Nibbles	pet-5002149.png
pet	5002127	Rubybloom	pet-5002127.png
pet	5002128	Rosebloom	pet-5002128.png
pet	5002129	Magentabloom	pet-5002129.png
pet	5002158	Rubybloom	pet-5002158.png
pet	5002159	Rosebloom	pet-5002159.png
pet	5002160	Magentabloom	pet-5002160.png
pet	5002145	Doodlesnail	pet-5002145.png
pet	5002144	Pepedoodle	pet-5002144.png
pet	5002143	Doodleshroom	pet-5002143.png
pet	5000877	Doodlesnail	pet-5000877.png
pet	5000878	Pepedoodle	pet-5000878.png
pet	5000879	Doodleshroom	pet-5000879.png
pet	5002150	Young Cherry	pet-5002150.png
pet	5002151	Ripe Chery	pet-5002151.png
pet	5002152	Old Cherry	pet-5002152.png
pet	5002153	Cat Evan	pet-5002153.png
pet	5002154	Cat Phantom	pet-5002154.png
pet	5002155	Cat Luminous	pet-5002155.png
pet	5002166	White Whale	pet-5002166.png
pet	5002167	Black Whale	pet-5002167.png
pet	5002168	Pink Whale	pet-5002168.png
pet	5002180	White Whale	pet-5002180.png
pet	5002181	Black Whale	pet-5002181.png
pet	5002182	Pink Whale	pet-5002182.png
pet	5002176	Happy Erda	pet-5002176.png
pet	5002177	Raging Erda	pet-5002177.png
pet	5002178	Sad Erda	pet-5002178.png
pet	5002194	Happy Erda	pet-5002194.png
pet	5002195	Raging Erda	pet-5002195.png
pet	5002196	Sad Erda	pet-5002196.png
pet	5002191	Blue Poppet	pet-5002191.png
pet	5002192	Pur-Poppet	pet-5002192.png
pet	5002193	Peach Poppet	pet-5002193.png
pet	5002183	White Owl	pet-5002183.png
pet	5002184	Sandy Owl	pet-5002184.png
pet	5002185	Brown Owl	pet-5002185.png
pet	5002205	White Birdie	pet-5002205.png
pet	5002206	Amber Birdie	pet-5002206.png
pet	5002207	Polka-Birdie	pet-5002207.png
pet	5002208	White Owl	pet-5002208.png
pet	5002209	Sandy Owl	pet-5002209.png
pet	5002210	Brown Owl	pet-5002210.png
pet	5002211	Happy Beet	pet-5002211.png
pet	5002212	Happy Carrot	pet-5002212.png
pet	5002213	Happy Leek	pet-5002213.png
pet	5002217	Cookie Bear	pet-5002217.png
pet	5002218	Omelette Pup	pet-5002218.png
pet	5002219	Yellow Oxlet	pet-5002219.png
pet	5002220	White Oxlet	pet-5002220.png
pet	5002221	Patchy Oxlet	pet-5002221.png
pet	5002214	Yellow Oxlet	pet-5002214.png
pet	5002215	White Oxlet	pet-5002215.png
pet	5002216	Patchy Oxlet	pet-5002216.png
pet	5002136	Mr. Toad	pet-5002136.png
pet	5000891	Cat Evan	pet-5000891.png
pet	5000892	Cat Phantom	pet-5000892.png
pet	5000893	Cat Luminous	pet-5000893.png
pet	5002223	Quick Cloud	pet-5002223.png
pet	5002224	Clever Cloud	pet-5002224.png
pet	5002225	Relaxed Sun	pet-5002225.png
pet	5002232	Red Glimfox	pet-5002232.png
pet	5002233	Blue Glimfox	pet-5002233.png
pet	5002234	Baby Bird	pet-5002234.png
pet	5002240	Red Glimfox	pet-5002240.png
pet	5002241	Blue Glimfox	pet-5002241.png
pet	5002242	Baby Bird	pet-5002242.png
pet	5002257	Black Dragon	pet-5002257.png
pet	5002248	Strawbunny	pet-5002248.png
pet	5002249	Pinekitty	pet-5002249.png
pet	5002250	Peachpuppy	pet-5002250.png
pet	5002251	Yellow Fox	pet-5002251.png
pet	5002252	Brown Fox	pet-5002252.png
pet	5002253	White Fox	pet-5002253.png
pet	5000897	Shark	pet-5000897.png
pet	5002259	Orn. H. Crab	pet-5002259.png
pet	5002260	Teal H. Crab	pet-5002260.png
pet	5002261	Pur. H. Crab	pet-5002261.png
pet	5002270	Quick Cloud	pet-5002270.png
pet	5002271	Clever Cloud	pet-5002271.png
pet	5002272	Relaxed Sun	pet-5002272.png
pet	5002267	Brown Hare	pet-5002267.png
pet	5002268	White Hare	pet-5002268.png
pet	5002269	Lil Cactus	pet-5002269.png
pet	5002397	Brown Hare	pet-5002397.png
pet	5002398	White Hare	pet-5002398.png
pet	5002399	Lil Cactus	pet-5002399.png
pet	5002284	Yellow Fox	pet-5002284.png
pet	5002285	Brown Fox	pet-5002285.png
pet	5002286	White Fox	pet-5002286.png
pet	5002278	Bit Cookie	pet-5002278.png
pet	5002279	Bit Macaroon	pet-5002279.png
pet	5002280	Melty Pop	pet-5002280.png
pet	5002235	BUGCAT CAPOO	pet-5002235.png
pet	5002236	TUTU	pet-5002236.png
pet	5002237	DOGDOG	pet-5002237.png
pet	5002281	Doodle Cera	pet-5002281.png
pet	5002282	Doodle Rano	pet-5002282.png
pet	5002283	Doodle Stego	pet-5002283.png
pet	5002290	BUGCAT CAPOO	pet-5002290.png
pet	5002291	TUTU	pet-5002291.png
pet	5002292	DOGDOG	pet-5002292.png
pet	5002287	Brown Ursa	pet-5002287.png
pet	5002288	Pink Ursa	pet-5002288.png
pet	5002289	Purple Ursa	pet-5002289.png
pet	5002321	Brown Ursa	pet-5002321.png
pet	5002322	Pink Ursa	pet-5002322.png
pet	5002323	Purple Ursa	pet-5002323.png
pet	5002404	Demon Metus	pet-5002404.png
pet	5002405	Demon Mors	pet-5002405.png
pet	5002406	Dem. Invidia	pet-5002406.png
pet	5002407	Winterberry	pet-5002407.png
pet	5002293	Black Ewe	pet-5002293.png
pet	5002294	Brown Ewe	pet-5002294.png
pet	5002295	White Ewe	pet-5002295.png
pet	5002333	Brown Ti-Bot	pet-5002333.png
pet	5002334	White Ti-Bot	pet-5002334.png
pet	5002335	Black Ti-Bot	pet-5002335.png
pet	5002362	Happy Beet	pet-5002362.png
pet	5002363	Happy Carrot	pet-5002363.png
pet	5002364	Happy Leek	pet-5002364.png
pet	5002368	Sherbet	pet-5002368.png
pet	5002359	Pink Fluff	pet-5002359.png
pet	5002360	Yellow Fluff	pet-5002360.png
pet	5002361	Blue Fluff	pet-5002361.png
pet	5002369	Kabob	pet-5002369.png
pet	5002370	Rack of Ribs	pet-5002370.png
pet	5002371	Drumstick	pet-5002371.png
pet	5002384	Dusk	pet-5002384.png
pet	5002385	Dawn	pet-5002385.png
pet	5002386	Lil Glowy	pet-5002386.png
pet	5002372	Drum Bunny	pet-5002372.png
pet	5002373	Roloduck	pet-5002373.png
pet	5002374	Toy Trojan	pet-5002374.png
pet	5002387	Lil Deneb	pet-5002387.png
pet	5002388	Lil Bootis	pet-5002388.png
pet	5002389	Lil Alphard	pet-5002389.png
pet	5002501	Lil Angelbun	pet-5002501.png
pet	5002502	Lil Devilbun	pet-5002502.png
pet	5002503	Lil Fairybun	pet-5002503.png
pet	5002507	Lil Deneb	pet-5002507.png
pet	5002508	Lil Bootis	pet-5002508.png
pet	5002509	Lil Alphard	pet-5002509.png
pet	5002504	Chief Slime	pet-5002504.png
pet	5002505	Smart Slime	pet-5002505.png
pet	5002506	Bath Slime	pet-5002506.png
pet	5002511	Maple Leaf	pet-5002511.png
pet	5002512	Ginkgo Leaf	pet-5002512.png
pet	5002513	Green Leaf	pet-5002513.png
pet	5002522	Maple Leaf	pet-5002522.png
pet	5002523	Ginkgo Leaf	pet-5002523.png
pet	5002524	Green Leaf	pet-5002524.png
pet	5002519	Ghost Stump	pet-5002519.png
pet	5002520	Dark Stump	pet-5002520.png
pet	5002521	D. Axe Stump	pet-5002521.png
pet	5002525	Sheepostman	pet-5002525.png
pet	5002526	Elepostman	pet-5002526.png
pet	5002527	Slostman	pet-5002527.png
pet	5002420	Pumpkin Jack	pet-5002420.png
pet	5002421	Pumpkin Zack	pet-5002421.png
pet	5002422	Pumpkin Mack	pet-5002422.png
pet	5002534	Gupi Pet	pet-5002534.png
pet	5002535	Dolpi Pet	pet-5002535.png
pet	5002536	Lepi Pet	pet-5002536.png
pet	5002540	Black Ewe	pet-5002540.png
pet	5002541	Brown Ewe	pet-5002541.png
pet	5002542	White Ewe	pet-5002542.png
pet	5002539	Gold Meso	pet-5002539.png
pet	5002538	Silver Meso	pet-5002538.png
pet	5002537	Bronze Meso	pet-5002537.png
pet	5002553	Pink Bunbun	pet-5002553.png
pet	5002554	Blue Bunbun	pet-5002554.png
pet	5002555	Green Bunbun	pet-5002555.png
pet	5002543	Pink Bunbun	pet-5002543.png
pet	5002544	Blue Bunbun	pet-5002544.png
pet	5002545	Green Bunbun	pet-5002545.png
pet	5002547	Hat Frog	pet-5002547.png
pet	5002548	Leaf Frog	pet-5002548.png
pet	5002549	Rain Frog	pet-5002549.png
pet	5002550	White Bunny	pet-5002550.png
pet	5002551	Gray Bunny	pet-5002551.png
pet	5002552	Brown Bunny	pet-5002552.png
pet	5002567	Evil Eye	pet-5002567.png
pet	5002568	Curse Eye	pet-5002568.png
pet	5002569	Cold Eye	pet-5002569.png
pet	5002585	Drum Bunny	pet-5002585.png
pet	5002586	Roloduck	pet-5002586.png
pet	5002587	Toy Trojan	pet-5002587.png
pet	5002570	Happy Duck	pet-5002570.png
pet	5002571	Loading Duck	pet-5002571.png
pet	5002572	Bugged Duck	pet-5002572.png
pet	5002581	Loof Dolphin	pet-5002581.png
pet	5002582	Loof Chick	pet-5002582.png
pet	5002583	Loof Penguin	pet-5002583.png
pet	5002588	Brown Camel	pet-5002588.png
pet	5002589	White Camel	pet-5002589.png
pet	5002590	Black Camel	pet-5002590.png
pet	5002592	Cute Hundun	pet-5002592.png
pet	5002593	Cute Qiongqi	pet-5002593.png
pet	5002594	Cute Taowu	pet-5002594.png
pet	5002601	Toth	pet-5002601.png
pet	5002602	Vella	pet-5002602.png
pet	5002603	Lil Death	pet-5002603.png
pet	5002584	Lil Terry	pet-5002584.png
pet	5002611	Oberon	pet-5002611.png
pet	5002612	Titania	pet-5002612.png
pet	5002613	Petite Pico	pet-5002613.png
pet	5002614	Victory	pet-5002614.png
pet	5002615	Glory	pet-5002615.png
pet	5002616	Lil Pony	pet-5002616.png
pet	5002623	Cute Hundun	pet-5002623.png
pet	5002624	Cute Qiongqi	pet-5002624.png
pet	5002625	Cute Taowu	pet-5002625.png
pet	5002441	Cute Hundun	pet-5002441.png
pet	5002442	Cute Qiongqi	pet-5002442.png
pet	5002443	Cute Taowu	pet-5002443.png
pet	5002595	Hefty Slime	pet-5002595.png
pet	5002596	Baby Slime	pet-5002596.png
pet	5002597	Upset Slime	pet-5002597.png
pet	5002626	Tan Ili Pika	pet-5002626.png
pet	5002627	Shy Ili Pika	pet-5002627.png
pet	5002628	Fun Ili Pika	pet-5002628.png
pet	5002629	Ruby Snail	pet-5002629.png
pet	5002630	Emld Snail	pet-5002630.png
pet	5002631	Diam Snail	pet-5002631.png
pet	5002652	Tan Ili Pika	pet-5002652.png
pet	5002653	Shy Ili Pika	pet-5002653.png
pet	5002654	Fun Ili Pika	pet-5002654.png
pet	5002634	PB Bw. Ball	pet-5002634.png
pet	5002635	Y Bw. Ball	pet-5002635.png
pet	5002636	S Bw. Ball	pet-5002636.png
pet	5002643	M. Dgn. Lrv.	pet-5002643.png
pet	5002644	Y. Dgn. Lrv.	pet-5002644.png
pet	5002645	R. Dgn. Lrv.	pet-5002645.png
pet	5002659	Toasty Devil	pet-5002659.png
pet	5002660	Icy Devil	pet-5002660.png
pet	5002661	Miasma Devil	pet-5002661.png
pet	5002656	Forest Laugh	pet-5002656.png
pet	5002657	Forest Love	pet-5002657.png
pet	5002658	Forest Joy	pet-5002658.png
pet	5002681	Hat Frog	pet-5002681.png
pet	5002682	Leaf Frog	pet-5002682.png
pet	5002683	Rain Frog	pet-5002683.png
pet	5002684	Gray Hippo	pet-5002684.png
pet	5002685	Yellow Hippo	pet-5002685.png
pet	5002686	Pink Hippo	pet-5002686.png
pet	5002687	Sprinkly Pet	pet-5002687.png
pet	5002688	Spadey Pet	pet-5002688.png
pet	5002689	Sheary Pet	pet-5002689.png
pet	5002447	Lil Gaia	pet-5002447.png
pet	5002696	Pillow Sloth	pet-5002696.png
pet	5002697	Prone Sloth	pet-5002697.png
pet	5002698	Dangle Sloth	pet-5002698.png
pet	5002703	Sheepostman	pet-5002703.png
pet	5002704	Elepostman	pet-5002704.png
pet	5002705	Slostman	pet-5002705.png
pet	5002700	Lil Bbl Fish	pet-5002700.png
pet	5002701	Lil Scb Pepe	pet-5002701.png
pet	5002702	Lil F.prey	pet-5002702.png
pet	5002713	Green Chad	pet-5002713.png
pet	5002714	Pink Mel	pet-5002714.png
pet	5002715	Orange Leon	pet-5002715.png
pet	5002706	Baby Seangel	pet-5002706.png
pet	5002707	Kid Seangel	pet-5002707.png
pet	5002708	Wee Seangel	pet-5002708.png
pet	5002726	Mazurka	pet-5002726.png
pet	5002727	Cantabile	pet-5002727.png
pet	5002728	Lil Time	pet-5002728.png
pet	5002598	W. CAPOO	pet-5002598.png
pet	5002599	H. TUTU	pet-5002599.png
pet	5002600	M. DOGDOG	pet-5002600.png
pet	5002741	小泰里	pet-5002741.png
pet	5002749	CAPOO	pet-5002749.png
pet	5002750	TUTU	pet-5002750.png
pet	5002751	DOGDOG	pet-5002751.png
pet	5002709	White Umbunn	pet-5002709.png
pet	5002710	Brown Umbunn	pet-5002710.png
pet	5002711	Gray Umbunn	pet-5002711.png
pet	5002729	Power XO Bun	pet-5002729.png
pet	5002730	Super XO Bun	pet-5002730.png
pet	5002731	Magic XO Bun	pet-5002731.png
pet	5002738	Honey Lionet	pet-5002738.png
pet	5002739	Jet Lionet	pet-5002739.png
pet	5002740	Pearl Lionet	pet-5002740.png
pet	5002755	Greenit Mush	pet-5002755.png
pet	5002756	Zomnit Mush	pet-5002756.png
pet	5002757	Hornit Mush	pet-5002757.png
pet	5002769	Snowman	pet-5002769.png
pet	5002758	Magic Book	pet-5002758.png
pet	5002759	Aged Book	pet-5002759.png
pet	5002760	Parchment	pet-5002760.png
pet	5002763	Red Bean Bun	pet-5002763.png
pet	5002764	Yam Bun	pet-5002764.png
pet	5002765	Choco Bun	pet-5002765.png
pet	5002766	Paraneige	pet-5002766.png
pet	5002767	Parapluie	pet-5002767.png
pet	5002768	Paraluna	pet-5002768.png
pet	5002619	Pillow Sloth	pet-5002619.png
pet	5002620	Prone Sloth	pet-5002620.png
pet	5002621	Dangle Sloth	pet-5002621.png
pet	5002782	Lil Tanjiro	pet-5002782.png
pet	5002783	Lil Nezuko	pet-5002783.png
pet	5002784	Lil Zenitsu	pet-5002784.png
pet	5002770	Poof Chick	pet-5002770.png
pet	5002771	Tada Chick	pet-5002771.png
pet	5002772	Zoom Chick	pet-5002772.png
pet	5002776	Swole 'Cado	pet-5002776.png
pet	5002777	Quick 'Cado	pet-5002777.png
pet	5002778	Zen 'Cado	pet-5002778.png
pet	5002222	Lindaer	pet-5002222.png
pet	5002779	Blue Bran	pet-5002779.png
pet	5002780	Pink Bran	pet-5002780.png
pet	5002781	Yellow Bran	pet-5002781.png
pet	5002800	Fortune Root	pet-5002800.png
pet	5002791	Orange Hammy	pet-5002791.png
pet	5002792	Melon Hammy	pet-5002792.png
pet	5002793	Berry Hammy	pet-5002793.png
pet	5002797	Guard Kitty	pet-5002797.png
pet	5002798	Guard Chick	pet-5002798.png
pet	5002799	Guard Piggy	pet-5002799.png
pet	5002801	Star Pixie	pet-5002801.png
pet	5002802	Lunar Pixie	pet-5002802.png
pet	5002803	Luster Pixie	pet-5002803.png
pet	5002815	Florian	pet-5002815.png
pet	5002816	Florence	pet-5002816.png
pet	5002817	Lil Flora	pet-5002817.png
pet	5002820	Gold Meso	pet-5002820.png
pet	5002819	Silver Meso	pet-5002819.png
pet	5002818	Bronze Meso	pet-5002818.png
pet	5002821	Verus Hilla	pet-5002821.png
pet	5002822	Necro Damien	pet-5002822.png
pet	5002823	Necro Lotus	pet-5002823.png
pet	5002812	Strawb Milk	pet-5002812.png
pet	5002813	Choco Milk	pet-5002813.png
pet	5002814	Banana Milk	pet-5002814.png
pet	5002832	Swole 'Cado	pet-5002832.png
pet	5002833	Quick 'Cado	pet-5002833.png
pet	5002834	Zen 'Cado	pet-5002834.png
pet	5002477	Swole 'Cado	pet-5002477.png
pet	5002478	Quick 'Cado	pet-5002478.png
pet	5002479	Zen 'Cado	pet-5002479.png
pet	5002824	Ragdoll Lamb	pet-5002824.png
pet	5002825	Ragdoll Wolf	pet-5002825.png
pet	5002826	RD Wlf.Shep.	pet-5002826.png
pet	5002828	Lil Frieren	pet-5002828.png
pet	5002829	Lil Fern	pet-5002829.png
pet	5002830	Lil Stark	pet-5002830.png
pet	5002831	Lil Übel	pet-5002831.png
pet	5002838	Sweet Spirit	pet-5002838.png
pet	5002835	Heroparrot	pet-5002835.png
pet	5002836	Marksparrot	pet-5002836.png
pet	5002837	Bishoparrot	pet-5002837.png
pet	5002856	Baby Seangel	pet-5002856.png
pet	5002857	Kid Seangel	pet-5002857.png
pet	5002858	Wee Seangel	pet-5002858.png
pet	5002859	Sweet Spirit	pet-5002859.png
pet	5002863	Twentoona	pet-5002863.png
pet	5002846	Happy Capy	pet-5002846.png
pet	5002847	Zappy Capy	pet-5002847.png
pet	5002848	Chonky Capy	pet-5002848.png
pet	5002853	Gold Gobby	pet-5002853.png
pet	5002854	Green Gobby	pet-5002854.png
pet	5002855	Blue Gobby	pet-5002855.png
pet	5002868	Winter Deer	pet-5002868.png
pet	5002869	Snow Ram	pet-5002869.png
pet	5002870	Winter Snowy	pet-5002870.png
pet	5002866	Lil Sakuno	pet-5002866.png
pet	5002860	Fruit Teddy	pet-5002860.png
pet	5002861	Egg Teddy	pet-5002861.png
pet	5002862	Jam Teddy	pet-5002862.png
pet	5002878	White Birdie	pet-5002878.png
pet	5002879	Amber Birdie	pet-5002879.png
pet	5002880	Polka-Birdie	pet-5002880.png
pet	5002839	Pocket Panda	pet-5002839.png
pet	5002840	Itty Kitty	pet-5002840.png
pet	5002841	Bitsy Bunny	pet-5002841.png
pet	5002842	Jeri	pet-5002842.png
pet	5002843	Jana	pet-5002843.png
pet	5002844	Jaki	pet-5002844.png
pet	5002845	Pidge-on-Rye	pet-5002845.png
pet	5002849	Lil Ashlii	pet-5002849.png
pet	5002850	Lil Saitama	pet-5002850.png
pet	5002851	Lil Genos	pet-5002851.png
pet	5002852	Lil Tornado	pet-5002852.png
pet	5002871	Horsey Sr.	pet-5002871.png
pet	5002872	Horsey Jr.	pet-5002872.png
pet	5002873	Horsey Colt	pet-5002873.png
pet	5002890	Lil Saitama	pet-5002890.png
pet	5002891	Lil Genos	pet-5002891.png
pet	5002892	Lil Tornado	pet-5002892.png
pet	5002881	Lead Quokka	pet-5002881.png
pet	5002882	Middle Quokka	pet-5002882.png
pet	5002883	Rear Quokka	pet-5002883.png
pet	5002893	Clumsy Chirpie	pet-5002893.png
pet	5002894	Klutzy Chirpie	pet-5002894.png
pet	5002895	Gawky Chirpie	pet-5002895.png
pet	5004036	Lil Hacker Jay	pet-5004036.png
pet	5002867	Lil Jay	pet-5002867.png
pet	5002874	Snoozy Teddy	pet-5002874.png
pet	5002875	Snoozy Squirrel	pet-5002875.png
pet	5002876	Snoozy Raccoon	pet-5002876.png
pet	5002884	Lil Orange Mushroom	pet-5002884.png
pet	5002885	Lil Green Mushroom	pet-5002885.png
pet	5002886	Lil Blue Mushroom	pet-5002886.png
pet	5002887	Lil Orange Mushroom	pet-5002887.png
pet	5002888	Lil Green Mushroom	pet-5002888.png
pet	5002889	Lil Blue Mushroom	pet-5002889.png
pet	5004015	Purple Sparkle-Nya	pet-5004015.png
pet	5004016	Blue Sparkle-Nya	pet-5004016.png
pet	5004017	Green Sparkle-Nya	pet-5004017.png
pet	5004018	Niniel of Faith	pet-5004018.png
pet	5004019	Niniel of Wishes	pet-5004019.png
pet	5004030	Mini Kroma	pet-5004030.png
pet	5004020	Niniel of Hope	pet-5004020.png
pet	5004003	Brown Sparrow	pet-5004003.png
pet	5004004	White Stjartmes	pet-5004004.png
pet	5004005	Cinereous Tit	pet-5004005.png
pet	5004008	Nependeath	pet-5004008.png
pet	5004009	Dark Nependeath	pet-5004009.png
pet	5004010	Giant Nependeath	pet-5004010.png
pet	5002901	aa	pet-5002901.png
pet	5004047	Lil Frieren	pet-5004047.png
pet	5004048	Lil Fern	pet-5004048.png
pet	5004049	Lil Stark	pet-5004049.png
pet	5004050	Lil Übel	pet-5004050.png
pet	5004012	Clay Polar Bear	pet-5004012.png
pet	5004013	Clay Grizzly Bear	pet-5004013.png
pet	5004014	Clay Black Bear	pet-5004014.png
pet	5004033	Twilight Star	pet-5004033.png
pet	5004034	Crescent Moon	pet-5004034.png
pet	5004035	Cosmic Orb	pet-5004035.png
